-- MySQL dump 10.13  Distrib 5.7.17, for macos10.12 (x86_64)
--
-- Host: 127.0.0.1    Database: colegio
-- ------------------------------------------------------
-- Server version	5.7.17

/*!40101 SET @OLD_CHARACTER_SET_CLIENT=@@CHARACTER_SET_CLIENT */;
/*!40101 SET @OLD_CHARACTER_SET_RESULTS=@@CHARACTER_SET_RESULTS */;
/*!40101 SET @OLD_COLLATION_CONNECTION=@@COLLATION_CONNECTION */;
/*!40101 SET NAMES utf8 */;
/*!40103 SET @OLD_TIME_ZONE=@@TIME_ZONE */;
/*!40103 SET TIME_ZONE='+00:00' */;
/*!40014 SET @OLD_UNIQUE_CHECKS=@@UNIQUE_CHECKS, UNIQUE_CHECKS=0 */;
/*!40014 SET @OLD_FOREIGN_KEY_CHECKS=@@FOREIGN_KEY_CHECKS, FOREIGN_KEY_CHECKS=0 */;
/*!40101 SET @OLD_SQL_MODE=@@SQL_MODE, SQL_MODE='NO_AUTO_VALUE_ON_ZERO' */;
/*!40111 SET @OLD_SQL_NOTES=@@SQL_NOTES, SQL_NOTES=0 */;

--
-- Table structure for table `alumno`
--

DROP TABLE IF EXISTS `alumno`;
/*!40101 SET @saved_cs_client     = @@character_set_client */;
/*!40101 SET character_set_client = utf8 */;
CREATE TABLE `alumno` (
  `id` int(11) NOT NULL AUTO_INCREMENT,
  `nombre` varchar(145) NOT NULL,
  PRIMARY KEY (`id`)
) ENGINE=InnoDB AUTO_INCREMENT=101 DEFAULT CHARSET=utf8;
/*!40101 SET character_set_client = @saved_cs_client */;

--
-- Dumping data for table `alumno`
--

LOCK TABLES `alumno` WRITE;
/*!40000 ALTER TABLE `alumno` DISABLE KEYS */;
INSERT INTO `alumno` VALUES (1,'Kane Singleton Zamora'),(2,'Wade Gordon Bradley'),(3,'Cassidy Mendoza'),(4,'Mia Potts'),(5,'Demetrius Taylor Chaney'),(6,'Brenden Ferguson Floyd'),(7,'Lacota Kirk'),(8,'Bell Terrell'),(9,'Leah Roberson'),(10,'Pascale Ramos'),(11,'Edan Wyatt Soto'),(12,'Galena Osborn'),(13,'Kalia Mcleod'),(14,'Upton Bridges Baxter'),(15,'Mufutau Owen Livingston'),(16,'Kieran Petty Webster'),(17,'Imogene Compton'),(18,'Susan Kane'),(19,'Clementine Miles'),(20,'Tanek Wells Sharpe'),(21,'Sierra Sosa'),(22,'Wesley Warner Perry'),(23,'Mechelle Cobb'),(24,'Rowan Shaffer'),(25,'Jolene Campbell'),(26,'Quinn Roberson Cote'),(27,'Ralph Emerson Foreman'),(28,'Gail Vang'),(29,'Knox Dickson Brady'),(30,'Jack Tillman Hopper'),(31,'Chase Vang Wilkerson'),(32,'Carol Mcconnell'),(33,'Dillon Downs Pittman'),(34,'Silas Conley Snyder'),(35,'Channing Potter Tucker'),(36,'Hayfa Finley'),(37,'Kato Bass Gonzalez'),(38,'Emily Sawyer'),(39,'Xanthus Le Hansen'),(40,'Chadwick Allison Hines'),(41,'Adria Sherman'),(42,'Kaseem Cobb Crane'),(43,'Ina Norton'),(44,'Chadwick Cross Lyons'),(45,'Nicole Cleveland'),(46,'Cade Haynes Sparks'),(47,'Julie Koch'),(48,'Patricia Mullen'),(49,'Aurelia Daniels'),(50,'Vernon Lancaster James'),(51,'Anika Porter'),(52,'Denise Meyers'),(53,'Bradley Beard Gray'),(54,'Todd Savage Guerra'),(55,'Shad Hull Savage'),(56,'Sean Hardy Baxter'),(57,'Dacey Foster'),(58,'Bradley Castaneda Compton'),(59,'Irma Sanford'),(60,'Wendy Combs'),(61,'Oliver Kelley Shaffer'),(62,'Wesley Terry Castaneda'),(63,'Alice Mcdaniel'),(64,'Melvin Whitehead Deleon'),(65,'Wyoming Tyler'),(66,'Hedley Vaughn Jacobson'),(67,'Clementine Jacobs'),(68,'Martin Bell Watson'),(69,'Quin Matthews'),(70,'Thane Cote Merritt'),(71,'Garrison Mueller Wolf'),(72,'Wyatt Lucas Wilder'),(73,'Yeo Holcomb'),(74,'Lynn Haynes'),(75,'Mary Mack'),(76,'Seth Goodman Macias'),(77,'Buckminster Mcfadden Noel'),(78,'Rudyard Fletcher Cervantes'),(79,'Sigourney Love'),(80,'Elijah Davidson Moses'),(81,'Hollee Daniel'),(82,'Judah Robinson Leon'),(83,'Rigel Osborn Phillips'),(84,'Gil Dudley Montoya'),(85,'Tad Keller Morrison'),(86,'Stacy Olson'),(87,'Kelly Anthony'),(88,'Winifred Walters'),(89,'Kirk Mccarty Luna'),(90,'Myles Case Burks'),(91,'Valentine Hogan Lyons'),(92,'Driscoll Villarreal Castaneda'),(93,'Josiah Velez Dickerson'),(94,'Martha Vinson'),(95,'Brandon Rivas Miles'),(96,'Hiram Maxwell Kline'),(97,'Bree Hall'),(98,'Nevada Head'),(99,'Martena Marquez'),(100,'Lars White Morton');
/*!40000 ALTER TABLE `alumno` ENABLE KEYS */;
UNLOCK TABLES;

--
-- Table structure for table `alumno_curso`
--

DROP TABLE IF EXISTS `alumno_curso`;
/*!40101 SET @saved_cs_client     = @@character_set_client */;
/*!40101 SET character_set_client = utf8 */;
CREATE TABLE `alumno_curso` (
  `id` int(11) NOT NULL AUTO_INCREMENT,
  `alumno_id` int(11) NOT NULL,
  `curso_id` int(11) NOT NULL,
  PRIMARY KEY (`id`),
  KEY `fk_alumno_curso_alumno1_idx` (`alumno_id`),
  KEY `fk_alumno_curso_curso1_idx` (`curso_id`),
  CONSTRAINT `fk_alumno_curso_alumno1` FOREIGN KEY (`alumno_id`) REFERENCES `alumno` (`id`) ON DELETE NO ACTION ON UPDATE NO ACTION,
  CONSTRAINT `fk_alumno_curso_curso1` FOREIGN KEY (`curso_id`) REFERENCES `curso` (`id`) ON DELETE NO ACTION ON UPDATE NO ACTION
) ENGINE=InnoDB AUTO_INCREMENT=426 DEFAULT CHARSET=utf8;
/*!40101 SET character_set_client = @saved_cs_client */;

--
-- Dumping data for table `alumno_curso`
--

LOCK TABLES `alumno_curso` WRITE;
/*!40000 ALTER TABLE `alumno_curso` DISABLE KEYS */;
INSERT INTO `alumno_curso` VALUES (1,1,1),(2,2,1),(3,3,1),(4,4,1),(5,5,1),(6,6,1),(7,7,1),(8,8,1),(9,9,1),(10,10,1),(11,11,1),(12,12,1),(13,13,1),(14,14,1),(15,15,1),(16,16,1),(17,17,1),(18,18,1),(19,19,1),(20,20,1),(21,21,1),(22,22,1),(23,23,1),(24,24,1),(25,25,1),(26,26,2),(27,27,2),(28,28,2),(29,29,2),(30,30,2),(31,31,2),(32,32,2),(33,33,2),(34,34,2),(35,35,2),(36,36,2),(37,37,2),(38,38,2),(39,39,2),(40,40,2),(41,41,2),(42,42,2),(43,43,2),(44,44,2),(45,45,2),(46,46,2),(47,47,2),(48,48,2),(49,49,2),(50,50,2),(51,51,3),(52,52,3),(53,53,3),(54,54,3),(55,55,3),(56,56,3),(57,57,3),(58,58,3),(59,59,3),(60,60,3),(61,61,3),(62,62,3),(63,63,3),(64,64,3),(65,65,3),(66,66,3),(67,67,3),(68,68,3),(69,69,3),(70,70,3),(71,71,3),(72,72,3),(73,73,3),(74,74,3),(75,75,3),(76,76,4),(77,77,4),(78,78,4),(79,79,4),(80,80,4),(81,81,4),(82,82,4),(83,83,4),(84,84,4),(85,85,4),(86,86,4),(87,87,4),(88,88,4),(89,89,4),(90,90,4),(91,91,4),(92,92,4),(93,93,4),(94,94,4),(95,95,4),(96,96,4),(97,97,4),(98,98,4),(99,99,4),(100,100,4),(101,1,2),(102,2,2),(103,3,2),(104,4,2),(105,5,2),(106,6,2),(107,7,2),(108,8,2),(109,9,2),(110,10,2),(111,11,2),(112,12,2),(113,13,2),(114,14,2),(115,15,2),(116,16,2),(117,17,2),(118,18,2),(119,19,2),(120,20,2),(121,21,2),(122,22,2),(123,23,2),(124,24,2),(125,25,2),(126,1,3),(127,2,3),(128,3,3),(129,4,3),(130,5,3),(131,6,3),(132,7,3),(133,8,3),(134,9,3),(135,10,3),(136,11,3),(137,12,3),(138,13,3),(139,14,3),(140,15,3),(141,16,3),(142,17,3),(143,18,3),(144,19,3),(145,20,3),(146,21,3),(147,22,3),(148,23,3),(149,24,3),(150,25,3),(151,1,4),(152,2,4),(153,3,4),(154,4,4),(155,5,4),(156,6,4),(157,7,4),(158,8,4),(159,9,4),(160,10,4),(161,11,4),(162,12,4),(163,13,4),(164,14,4),(165,15,4),(166,16,4),(167,17,4),(168,18,4),(169,19,4),(170,20,4),(171,21,4),(172,22,4),(173,23,4),(174,24,4),(175,25,4),(176,26,1),(177,27,1),(178,28,1),(179,29,1),(180,30,1),(181,31,1),(182,32,1),(183,33,1),(184,34,1),(185,35,1),(186,36,1),(187,37,1),(188,38,1),(189,39,1),(190,40,1),(191,41,1),(192,42,1),(193,43,1),(194,44,1),(195,45,1),(196,46,1),(197,47,1),(198,48,1),(199,49,1),(200,50,1),(201,26,3),(202,27,3),(203,28,3),(204,29,3),(205,30,3),(206,31,3),(207,32,3),(208,33,3),(209,34,3),(210,35,3),(211,36,3),(212,37,3),(213,38,3),(214,39,3),(215,40,3),(216,41,3),(217,42,3),(218,43,3),(219,44,3),(220,45,3),(221,46,3),(222,47,3),(223,48,3),(224,49,3),(225,50,3),(251,26,4),(252,27,4),(253,28,4),(254,29,4),(255,30,4),(256,31,4),(257,32,4),(258,33,4),(259,34,4),(260,35,4),(261,36,4),(262,37,4),(263,38,4),(264,39,4),(265,40,4),(266,41,4),(267,42,4),(268,43,4),(269,44,4),(270,45,4),(271,46,4),(272,47,4),(273,48,4),(274,49,4),(275,50,4),(276,51,1),(277,52,1),(278,53,1),(279,54,1),(280,55,1),(281,56,1),(282,57,1),(283,58,1),(284,59,1),(285,60,1),(286,61,1),(287,62,1),(288,63,1),(289,64,1),(290,65,1),(291,66,1),(292,67,1),(293,68,1),(294,69,1),(295,70,1),(296,71,1),(297,72,1),(298,73,1),(299,74,1),(300,75,1),(301,51,2),(302,52,2),(303,53,2),(304,54,2),(305,55,2),(306,56,2),(307,57,2),(308,58,2),(309,59,2),(310,60,2),(311,61,2),(312,62,2),(313,63,2),(314,64,2),(315,65,2),(316,66,2),(317,67,2),(318,68,2),(319,69,2),(320,70,2),(321,71,2),(322,72,2),(323,73,2),(324,74,2),(325,75,2),(326,51,4),(327,52,4),(328,53,4),(329,54,4),(330,55,4),(331,56,4),(332,57,4),(333,58,4),(334,59,4),(335,60,4),(336,61,4),(337,62,4),(338,63,4),(339,64,4),(340,65,4),(341,66,4),(342,67,4),(343,68,4),(344,69,4),(345,70,4),(346,71,4),(347,72,4),(348,73,4),(349,74,4),(350,75,4),(351,76,1),(352,77,1),(353,78,1),(354,79,1),(355,80,1),(356,81,1),(357,82,1),(358,83,1),(359,84,1),(360,85,1),(361,86,1),(362,87,1),(363,88,1),(364,89,1),(365,90,1),(366,91,1),(367,92,1),(368,93,1),(369,94,1),(370,95,1),(371,96,1),(372,97,1),(373,98,1),(374,99,1),(375,100,1),(376,76,2),(377,77,2),(378,78,2),(379,79,2),(380,80,2),(381,81,2),(382,82,2),(383,83,2),(384,84,2),(385,85,2),(386,86,2),(387,87,2),(388,88,2),(389,89,2),(390,90,2),(391,91,2),(392,92,2),(393,93,2),(394,94,2),(395,95,2),(396,96,2),(397,97,2),(398,98,2),(399,99,2),(400,100,2),(401,76,3),(402,77,3),(403,78,3),(404,79,3),(405,80,3),(406,81,3),(407,82,3),(408,83,3),(409,84,3),(410,85,3),(411,86,3),(412,87,3),(413,88,3),(414,89,3),(415,90,3),(416,91,3),(417,92,3),(418,93,3),(419,94,3),(420,95,3),(421,96,3),(422,97,3),(423,98,3),(424,99,3),(425,100,3);
/*!40000 ALTER TABLE `alumno_curso` ENABLE KEYS */;
UNLOCK TABLES;

--
-- Table structure for table `curso`
--

DROP TABLE IF EXISTS `curso`;
/*!40101 SET @saved_cs_client     = @@character_set_client */;
/*!40101 SET character_set_client = utf8 */;
CREATE TABLE `curso` (
  `id` int(11) NOT NULL AUTO_INCREMENT,
  `nombre` varchar(145) NOT NULL,
  `profesor_id` int(11) NOT NULL,
  PRIMARY KEY (`id`),
  KEY `fk_cursos_profesores_idx` (`profesor_id`),
  CONSTRAINT `fk_cursos_profesores` FOREIGN KEY (`profesor_id`) REFERENCES `profesor` (`id`) ON DELETE NO ACTION ON UPDATE NO ACTION
) ENGINE=InnoDB AUTO_INCREMENT=5 DEFAULT CHARSET=utf8;
/*!40101 SET character_set_client = @saved_cs_client */;

--
-- Dumping data for table `curso`
--

LOCK TABLES `curso` WRITE;
/*!40000 ALTER TABLE `curso` DISABLE KEYS */;
INSERT INTO `curso` VALUES (1,'Programación',1),(2,'Análisis',2),(3,'Diseño',3),(4,'Sistema Operativos',4);
/*!40000 ALTER TABLE `curso` ENABLE KEYS */;
UNLOCK TABLES;

--
-- Table structure for table `nota`
--

DROP TABLE IF EXISTS `nota`;
/*!40101 SET @saved_cs_client     = @@character_set_client */;
/*!40101 SET character_set_client = utf8 */;
CREATE TABLE `nota` (
  `id` int(11) NOT NULL AUTO_INCREMENT,
  `prueba_id` int(11) NOT NULL,
  `alumno_id` int(11) NOT NULL,
  `valor` float NOT NULL DEFAULT '0',
  PRIMARY KEY (`id`),
  KEY `fk_nota_prueba1_idx` (`prueba_id`),
  KEY `fk_nota_alumno1_idx` (`alumno_id`),
  CONSTRAINT `fk_nota_alumno1` FOREIGN KEY (`alumno_id`) REFERENCES `alumno` (`id`) ON DELETE NO ACTION ON UPDATE NO ACTION,
  CONSTRAINT `fk_nota_prueba1` FOREIGN KEY (`prueba_id`) REFERENCES `prueba` (`id`) ON DELETE NO ACTION ON UPDATE NO ACTION
) ENGINE=InnoDB AUTO_INCREMENT=2001 DEFAULT CHARSET=utf8;
/*!40101 SET character_set_client = @saved_cs_client */;

--
-- Dumping data for table `nota`
--

LOCK TABLES `nota` WRITE;
/*!40000 ALTER TABLE `nota` DISABLE KEYS */;
INSERT INTO `nota` VALUES (1,1,8,0.47),(2,1,6,4.35),(3,1,3,2.13),(4,1,19,2.95),(5,1,5,2.29),(6,1,11,4.22),(7,1,12,2.04),(8,1,17,5.95),(9,1,25,3.44),(10,1,13,0.15),(11,1,1,3.06),(12,1,16,6.9),(13,1,7,0.94),(14,1,9,3.64),(15,1,23,6.92),(16,1,4,6.24),(17,1,15,3.35),(18,1,10,3.17),(19,1,24,5.77),(20,1,21,6.74),(21,1,18,4.43),(22,1,20,5.26),(23,1,14,0.6),(24,1,2,6.28),(25,1,22,4.96),(26,2,8,5.72),(27,2,6,0.91),(28,2,3,2.04),(29,2,19,5.05),(30,2,5,0.21),(31,2,11,3.98),(32,2,12,4.3),(33,2,17,4.98),(34,2,25,5.06),(35,2,13,4.58),(36,2,1,6.77),(37,2,16,1.52),(38,2,7,4.44),(39,2,9,6.99),(40,2,23,3.96),(41,2,4,0.41),(42,2,15,4.32),(43,2,10,3.34),(44,2,24,0.09),(45,2,21,0.01),(46,2,18,3.21),(47,2,20,0.53),(48,2,14,0.01),(49,2,2,0.95),(50,2,22,2.22),(51,3,8,1.59),(52,3,6,1.98),(53,3,3,3.95),(54,3,19,0.23),(55,3,5,6.05),(56,3,11,4.21),(57,3,12,4.38),(58,3,17,6.05),(59,3,25,4.17),(60,3,13,2.6),(61,3,1,3.41),(62,3,16,1.67),(63,3,7,1.93),(64,3,9,2.24),(65,3,23,6.45),(66,3,4,6.6),(67,3,15,7),(68,3,10,6.98),(69,3,24,6.92),(70,3,21,0.1),(71,3,18,5.51),(72,3,20,4.59),(73,3,14,1),(74,3,2,3.04),(75,3,22,3.86),(76,4,8,1.16),(77,4,6,1.2),(78,4,3,4.98),(79,4,19,1.89),(80,4,5,4.46),(81,4,11,2.44),(82,4,12,5.82),(83,4,17,3.33),(84,4,25,1.09),(85,4,13,3.05),(86,4,1,6.42),(87,4,16,5.43),(88,4,7,2.53),(89,4,9,2.65),(90,4,23,4.96),(91,4,4,4.24),(92,4,15,3.99),(93,4,10,6.55),(94,4,24,0.06),(95,4,21,4.01),(96,4,18,5.63),(97,4,20,1.69),(98,4,14,0.26),(99,4,2,4.24),(100,4,22,1.92),(101,5,41,2.16),(102,5,49,6.02),(103,5,46,4.12),(104,5,32,1.35),(105,5,40,5.17),(106,5,44,1.32),(107,5,35,3.81),(108,5,31,2.73),(109,5,33,0.16),(110,5,38,1.06),(111,5,28,4.86),(112,5,36,5.95),(113,5,43,1.15),(114,5,30,6.04),(115,5,47,6.9),(116,5,42,6.76),(117,5,37,4.82),(118,5,29,2.08),(119,5,45,3.84),(120,5,48,5.89),(121,5,26,1.82),(122,5,27,3.81),(123,5,34,2.09),(124,5,50,6.32),(125,5,39,4.64),(126,6,41,6.08),(127,6,49,4.36),(128,6,46,0.41),(129,6,32,2.29),(130,6,40,2.81),(131,6,44,5.4),(132,6,35,2.25),(133,6,31,3.16),(134,6,33,5.96),(135,6,38,3.58),(136,6,28,2.01),(137,6,36,2.2),(138,6,43,2.96),(139,6,30,4.6),(140,6,47,3.93),(141,6,42,2.53),(142,6,37,0.28),(143,6,29,1.28),(144,6,45,1.28),(145,6,48,4.37),(146,6,26,2.61),(147,6,27,0.38),(148,6,34,2.53),(149,6,50,6.89),(150,6,39,6.76),(151,7,41,0.26),(152,7,49,2.19),(153,7,46,5.08),(154,7,32,2.93),(155,7,40,1.01),(156,7,44,3.91),(157,7,35,6.98),(158,7,31,0.44),(159,7,33,2.38),(160,7,38,3.68),(161,7,28,2.13),(162,7,36,6.83),(163,7,43,1.23),(164,7,30,0.01),(165,7,47,3.89),(166,7,42,6.26),(167,7,37,5.79),(168,7,29,1.92),(169,7,45,5.49),(170,7,48,3.26),(171,7,26,5.78),(172,7,27,1.85),(173,7,34,6.92),(174,7,50,5.3),(175,7,39,4.6),(176,8,41,1.3),(177,8,49,5.25),(178,8,46,0.39),(179,8,32,3.82),(180,8,40,3.81),(181,8,44,4.2),(182,8,35,3.54),(183,8,31,2.99),(184,8,33,3.23),(185,8,38,2.36),(186,8,28,0.05),(187,8,36,6.3),(188,8,43,2.01),(189,8,30,4.6),(190,8,47,2.23),(191,8,42,5.87),(192,8,37,2.89),(193,8,29,0.71),(194,8,45,1.04),(195,8,48,3.22),(196,8,26,2.66),(197,8,27,3.08),(198,8,34,2.73),(199,8,50,5.33),(200,8,39,0.99),(201,9,63,5.99),(202,9,51,1.03),(203,9,53,0.88),(204,9,58,3.87),(205,9,67,3.82),(206,9,57,1.57),(207,9,52,3.55),(208,9,71,2.06),(209,9,66,5.32),(210,9,59,2.93),(211,9,74,3.11),(212,9,68,5.92),(213,9,75,0.51),(214,9,64,3.61),(215,9,61,5.01),(216,9,69,0.86),(217,9,56,2.06),(218,9,55,4.88),(219,9,70,0.17),(220,9,54,0.64),(221,9,60,4.52),(222,9,62,4.79),(223,9,72,2.04),(224,9,65,2.65),(225,9,73,2.23),(226,10,63,2.96),(227,10,51,3.58),(228,10,53,5.4),(229,10,58,0.01),(230,10,67,4.75),(231,10,57,4.39),(232,10,52,5.39),(233,10,71,5.05),(234,10,66,6.95),(235,10,59,1.04),(236,10,74,6.54),(237,10,68,3.73),(238,10,75,4.73),(239,10,64,6.53),(240,10,61,3.28),(241,10,69,6.03),(242,10,56,5.66),(243,10,55,4.61),(244,10,70,4.6),(245,10,54,2.22),(246,10,60,3.48),(247,10,62,0.55),(248,10,72,5.6),(249,10,65,1.08),(250,10,73,6.22),(251,11,63,2.32),(252,11,51,5.3),(253,11,53,2.31),(254,11,58,6.92),(255,11,67,6.49),(256,11,57,5.8),(257,11,52,3.29),(258,11,71,0.03),(259,11,66,1.37),(260,11,59,5.83),(261,11,74,0.37),(262,11,68,1.4),(263,11,75,1.32),(264,11,64,3.14),(265,11,61,3.26),(266,11,69,2.87),(267,11,56,3.49),(268,11,55,4.32),(269,11,70,3.91),(270,11,54,1.04),(271,11,60,6.94),(272,11,62,5.58),(273,11,72,0.97),(274,11,65,3.71),(275,11,73,3.52),(276,12,63,5.28),(277,12,51,1.47),(278,12,53,1.2),(279,12,58,6.01),(280,12,67,4.47),(281,12,57,5.84),(282,12,52,3.94),(283,12,71,6.43),(284,12,66,6.94),(285,12,59,5.43),(286,12,74,0.05),(287,12,68,2.46),(288,12,75,4.52),(289,12,64,5.03),(290,12,61,3.4),(291,12,69,5.14),(292,12,56,5.97),(293,12,55,5.65),(294,12,70,4.59),(295,12,54,6.28),(296,12,60,5.08),(297,12,62,6.19),(298,12,72,5.41),(299,12,65,6.86),(300,12,73,1.58),(301,13,95,3.76),(302,13,97,3.47),(303,13,77,6.04),(304,13,92,3.5),(305,13,80,3.29),(306,13,84,6.38),(307,13,96,6.57),(308,13,81,5.81),(309,13,93,3.27),(310,13,82,2.52),(311,13,87,0.82),(312,13,89,0.66),(313,13,100,4.01),(314,13,99,4.95),(315,13,94,2.18),(316,13,90,2.27),(317,13,98,4.71),(318,13,83,4.97),(319,13,78,6.33),(320,13,76,6.95),(321,13,79,3.05),(322,13,86,4.89),(323,13,85,0.53),(324,13,91,3.92),(325,13,88,3.26),(326,14,95,5.74),(327,14,97,4.29),(328,14,77,5.52),(329,14,92,3.25),(330,14,80,6.62),(331,14,84,6.68),(332,14,96,5.94),(333,14,81,1.83),(334,14,93,5.89),(335,14,82,4.78),(336,14,87,1.07),(337,14,89,2.36),(338,14,100,3.27),(339,14,99,0.12),(340,14,94,0.95),(341,14,90,3.02),(342,14,98,6.29),(343,14,83,1.87),(344,14,78,0.22),(345,14,76,6.52),(346,14,79,5.8),(347,14,86,5.83),(348,14,85,5.75),(349,14,91,6.63),(350,14,88,2.28),(351,15,95,4.56),(352,15,97,6.31),(353,15,77,6.38),(354,15,92,2.75),(355,15,80,6.84),(356,15,84,5.57),(357,15,96,3.2),(358,15,81,6.69),(359,15,93,1.28),(360,15,82,0.85),(361,15,87,2.98),(362,15,89,6.37),(363,15,100,1.09),(364,15,99,6.77),(365,15,94,4.05),(366,15,90,3.31),(367,15,98,1.92),(368,15,83,3.95),(369,15,78,0.8),(370,15,76,4.87),(371,15,79,3.7),(372,15,86,4.16),(373,15,85,4.87),(374,15,91,3.26),(375,15,88,6.54),(376,16,95,1.79),(377,16,97,0.12),(378,16,77,4.66),(379,16,92,4.57),(380,16,80,2.09),(381,16,84,6.99),(382,16,96,1.06),(383,16,81,0.83),(384,16,93,6.62),(385,16,82,5.29),(386,16,87,1.23),(387,16,89,2.63),(388,16,100,4.31),(389,16,99,3.44),(390,16,94,1.66),(391,16,90,6.07),(392,16,98,1.71),(393,16,83,4.05),(394,16,78,6.1),(395,16,76,2.66),(396,16,79,0),(397,16,86,5.61),(398,16,85,2.81),(399,16,91,5.62),(400,16,88,5.71),(401,1,41,6.87),(402,1,63,5.81),(403,1,51,3.1),(404,1,49,0.08),(405,1,8,6.77),(406,1,53,2.35),(407,1,58,5.83),(408,1,95,6.93),(409,1,97,6.74),(410,1,6,1.87),(411,1,77,5.88),(412,1,46,4.31),(413,1,32,6.47),(414,1,3,4.02),(415,1,40,5.15),(416,1,44,2.87),(417,1,35,5.36),(418,1,31,0.76),(419,1,67,4.84),(420,1,19,2.67),(421,1,57,1.88),(422,1,5,4.27),(423,1,52,3.26),(424,1,33,3.35),(425,1,92,1.52),(426,1,11,3),(427,1,80,2.29),(428,1,38,6.18),(429,1,28,2.96),(430,1,12,3.61),(431,1,71,0.67),(432,1,84,4.09),(433,1,36,1.24),(434,1,66,2.83),(435,1,96,1.6),(436,1,81,2.93),(437,1,17,2.03),(438,1,43,0.55),(439,1,59,0.11),(440,1,30,5.55),(441,1,25,3.8),(442,1,93,5.54),(443,1,82,1.11),(444,1,47,3.94),(445,1,13,5.06),(446,1,1,2.08),(447,1,42,2),(448,1,37,5.14),(449,1,87,3.04),(450,1,16,4.87),(451,1,89,6.33),(452,1,29,3.07),(453,1,7,1.19),(454,1,100,2.71),(455,1,9,6.79),(456,1,74,3.96),(457,1,99,1.19),(458,1,94,1.59),(459,1,68,3.23),(460,1,75,0.79),(461,1,23,6.13),(462,1,64,0.8),(463,1,4,1.27),(464,1,15,3.54),(465,1,90,5.03),(466,1,98,0.76),(467,1,45,0.29),(468,1,61,0.26),(469,1,10,3.33),(470,1,48,1.21),(471,1,69,3.52),(472,1,26,3.27),(473,1,27,2.35),(474,1,83,1.84),(475,1,24,4.94),(476,1,78,4.97),(477,1,56,1.75),(478,1,76,1.3),(479,1,55,3.97),(480,1,21,1.95),(481,1,79,5.42),(482,1,34,2.89),(483,1,86,3.31),(484,1,18,0.7),(485,1,85,5.06),(486,1,20,1.9),(487,1,70,1.59),(488,1,54,1.01),(489,1,14,3.81),(490,1,91,3.47),(491,1,50,3.53),(492,1,2,5.07),(493,1,60,6.8),(494,1,62,4.83),(495,1,22,4.05),(496,1,88,6.07),(497,1,72,1.24),(498,1,65,4.6),(499,1,39,4.31),(500,1,73,1.92),(501,2,41,6.96),(502,2,63,0.39),(503,2,51,4.58),(504,2,49,4.98),(505,2,8,2.34),(506,2,53,4.17),(507,2,58,0.74),(508,2,95,6.09),(509,2,97,0.81),(510,2,6,1.92),(511,2,77,2.08),(512,2,46,4.25),(513,2,32,1.41),(514,2,3,0.63),(515,2,40,6.27),(516,2,44,3.49),(517,2,35,3.56),(518,2,31,0.91),(519,2,67,6.57),(520,2,19,3.52),(521,2,57,6.4),(522,2,5,5.81),(523,2,52,1.49),(524,2,33,6.96),(525,2,92,0.31),(526,2,11,0.22),(527,2,80,1.61),(528,2,38,4.55),(529,2,28,4.18),(530,2,12,6.6),(531,2,71,1.8),(532,2,84,2.81),(533,2,36,1.72),(534,2,66,2.64),(535,2,96,2.97),(536,2,81,5.73),(537,2,17,6.23),(538,2,43,6.34),(539,2,59,6.84),(540,2,30,0.41),(541,2,25,2.09),(542,2,93,3.82),(543,2,82,2.36),(544,2,47,2.61),(545,2,13,6.65),(546,2,1,1.75),(547,2,42,6.73),(548,2,37,0.04),(549,2,87,1.74),(550,2,16,5.98),(551,2,89,2.95),(552,2,29,4.49),(553,2,7,1.53),(554,2,100,6.37),(555,2,9,5.51),(556,2,74,2.71),(557,2,99,1.37),(558,2,94,1.78),(559,2,68,5.76),(560,2,75,4.7),(561,2,23,0.72),(562,2,64,6.66),(563,2,4,1.32),(564,2,15,0.64),(565,2,90,4.06),(566,2,98,2.46),(567,2,45,5.92),(568,2,61,5.51),(569,2,10,3.99),(570,2,48,5.44),(571,2,69,1.34),(572,2,26,4.23),(573,2,27,4.83),(574,2,83,0.33),(575,2,24,2.34),(576,2,78,2.47),(577,2,56,6.15),(578,2,76,2.67),(579,2,55,4.49),(580,2,21,3.32),(581,2,79,3.21),(582,2,34,5.49),(583,2,86,1.89),(584,2,18,5.39),(585,2,85,5.99),(586,2,20,2.85),(587,2,70,4.84),(588,2,54,1.42),(589,2,14,2.84),(590,2,91,4.89),(591,2,50,0.58),(592,2,2,5.78),(593,2,60,4.11),(594,2,62,1.38),(595,2,22,6.09),(596,2,88,2.45),(597,2,72,5.21),(598,2,65,2.31),(599,2,39,6.31),(600,2,73,3.44),(601,3,41,1.54),(602,3,63,2.06),(603,3,51,1.17),(604,3,49,2.84),(605,3,8,2.23),(606,3,53,6.96),(607,3,58,0.21),(608,3,95,1.44),(609,3,97,4.22),(610,3,6,3.53),(611,3,77,5.01),(612,3,46,5.68),(613,3,32,1.24),(614,3,3,5.2),(615,3,40,1.3),(616,3,44,2.77),(617,3,35,1.18),(618,3,31,1.19),(619,3,67,0.18),(620,3,19,4.15),(621,3,57,0.28),(622,3,5,2.22),(623,3,52,4.73),(624,3,33,0.13),(625,3,92,3.85),(626,3,11,6.75),(627,3,80,2.78),(628,3,38,0.84),(629,3,28,0.93),(630,3,12,2.51),(631,3,71,3.99),(632,3,84,1.74),(633,3,36,6.35),(634,3,66,4.27),(635,3,96,6.13),(636,3,81,4.39),(637,3,17,2.49),(638,3,43,1.96),(639,3,59,5.9),(640,3,30,0.41),(641,3,25,2.12),(642,3,93,4.05),(643,3,82,0.43),(644,3,47,1.9),(645,3,13,3.64),(646,3,1,3.42),(647,3,42,4.74),(648,3,37,3.87),(649,3,87,4),(650,3,16,6),(651,3,89,3.29),(652,3,29,6.97),(653,3,7,2.63),(654,3,100,0.61),(655,3,9,1.43),(656,3,74,1.45),(657,3,99,1.66),(658,3,94,6.67),(659,3,68,1.83),(660,3,75,1.31),(661,3,23,0.91),(662,3,64,2.01),(663,3,4,4.09),(664,3,15,6.22),(665,3,90,3.93),(666,3,98,2.37),(667,3,45,2.07),(668,3,61,1.35),(669,3,10,5.09),(670,3,48,6.36),(671,3,69,6.55),(672,3,26,0.43),(673,3,27,2.13),(674,3,83,2.62),(675,3,24,3.61),(676,3,78,5.99),(677,3,56,0.53),(678,3,76,1.7),(679,3,55,2.78),(680,3,21,5.79),(681,3,79,3.47),(682,3,34,3.96),(683,3,86,2),(684,3,18,2.94),(685,3,85,6.83),(686,3,20,6.49),(687,3,70,0.44),(688,3,54,0.23),(689,3,14,6.42),(690,3,91,3.64),(691,3,50,2.31),(692,3,2,0.78),(693,3,60,5.47),(694,3,62,6.4),(695,3,22,2.23),(696,3,88,5.97),(697,3,72,1.25),(698,3,65,1.48),(699,3,39,7),(700,3,73,5.49),(701,4,41,5.41),(702,4,63,0.4),(703,4,51,4.56),(704,4,49,6.67),(705,4,8,5.97),(706,4,53,1.01),(707,4,58,3.56),(708,4,95,0.64),(709,4,97,6),(710,4,6,2.68),(711,4,77,4.63),(712,4,46,5.6),(713,4,32,4.34),(714,4,3,5.61),(715,4,40,3.04),(716,4,44,3.12),(717,4,35,1.4),(718,4,31,2.13),(719,4,67,1.24),(720,4,19,2),(721,4,57,4.55),(722,4,5,4.13),(723,4,52,2.94),(724,4,33,2.5),(725,4,92,3.32),(726,4,11,4.64),(727,4,80,3.99),(728,4,38,2.83),(729,4,28,3.72),(730,4,12,0.02),(731,4,71,2.12),(732,4,84,2.77),(733,4,36,6.34),(734,4,66,5.37),(735,4,96,3.82),(736,4,81,2.56),(737,4,17,4.84),(738,4,43,2.42),(739,4,59,0.81),(740,4,30,0.08),(741,4,25,3.63),(742,4,93,4.74),(743,4,82,5.18),(744,4,47,0.78),(745,4,13,0.77),(746,4,1,2.88),(747,4,42,6.65),(748,4,37,5.61),(749,4,87,2.66),(750,4,16,4.71),(751,4,89,4.04),(752,4,29,6.13),(753,4,7,5.54),(754,4,100,0.8),(755,4,9,0.59),(756,4,74,3.62),(757,4,99,3.96),(758,4,94,6.14),(759,4,68,5.54),(760,4,75,2.38),(761,4,23,3.51),(762,4,64,0.46),(763,4,4,5.14),(764,4,15,6.69),(765,4,90,4.09),(766,4,98,1.83),(767,4,45,3.72),(768,4,61,0.81),(769,4,10,5.05),(770,4,48,1.86),(771,4,69,6.83),(772,4,26,1.17),(773,4,27,0.75),(774,4,83,5.91),(775,4,24,4.61),(776,4,78,1.23),(777,4,56,5.17),(778,4,76,6.48),(779,4,55,0.85),(780,4,21,3.65),(781,4,79,4.74),(782,4,34,5.09),(783,4,86,2.89),(784,4,18,6.37),(785,4,85,3.1),(786,4,20,6.77),(787,4,70,1.6),(788,4,54,4.69),(789,4,14,3.58),(790,4,91,6.65),(791,4,50,3.24),(792,4,2,6.13),(793,4,60,6.98),(794,4,62,4.45),(795,4,22,6.48),(796,4,88,6.77),(797,4,72,1.92),(798,4,65,1.65),(799,4,39,2.36),(800,4,73,0.83),(801,5,41,0.07),(802,5,63,0.8),(803,5,51,4.27),(804,5,49,4.93),(805,5,8,6.92),(806,5,53,3.77),(807,5,58,5.74),(808,5,95,0.49),(809,5,97,6.19),(810,5,6,0.91),(811,5,77,5.03),(812,5,46,6.41),(813,5,32,6.85),(814,5,3,2.47),(815,5,40,1.46),(816,5,44,2.95),(817,5,35,6.7),(818,5,31,0.13),(819,5,67,2.15),(820,5,19,6.77),(821,5,57,3.21),(822,5,5,3.03),(823,5,52,0.93),(824,5,33,6.04),(825,5,92,2.95),(826,5,11,6.73),(827,5,80,6.13),(828,5,38,2.96),(829,5,28,1.25),(830,5,12,1.91),(831,5,71,3.83),(832,5,84,4.41),(833,5,36,3.88),(834,5,66,6.27),(835,5,96,0.12),(836,5,81,1.01),(837,5,17,1.13),(838,5,43,6.56),(839,5,59,2.57),(840,5,30,1.84),(841,5,25,1.09),(842,5,93,2.21),(843,5,82,6.98),(844,5,47,6.29),(845,5,13,3.43),(846,5,1,5.02),(847,5,42,6.51),(848,5,37,5.28),(849,5,87,1.04),(850,5,16,3.98),(851,5,89,5.62),(852,5,29,0.14),(853,5,7,4.82),(854,5,100,0.71),(855,5,9,3.09),(856,5,74,5.5),(857,5,99,3.72),(858,5,94,3.76),(859,5,68,3.54),(860,5,75,4.95),(861,5,23,1.46),(862,5,64,5.11),(863,5,4,6.63),(864,5,15,6.67),(865,5,90,5.27),(866,5,98,0.06),(867,5,45,0.08),(868,5,61,0.75),(869,5,10,1.39),(870,5,48,3.25),(871,5,69,2.15),(872,5,26,5.66),(873,5,27,2.26),(874,5,83,1.94),(875,5,24,6.03),(876,5,78,3.49),(877,5,56,3.32),(878,5,76,6.85),(879,5,55,6.82),(880,5,21,6.23),(881,5,79,0.95),(882,5,34,5.88),(883,5,86,2.73),(884,5,18,2.53),(885,5,85,0.58),(886,5,20,3.18),(887,5,70,2.15),(888,5,54,3.49),(889,5,14,6.66),(890,5,91,3.13),(891,5,50,3.85),(892,5,2,0.78),(893,5,60,6.41),(894,5,62,4.79),(895,5,22,4.05),(896,5,88,3.13),(897,5,72,1.95),(898,5,65,5.8),(899,5,39,4.32),(900,5,73,5.87),(901,6,41,0.68),(902,6,63,1.17),(903,6,51,4.93),(904,6,49,4.99),(905,6,8,0.53),(906,6,53,1.86),(907,6,58,6.86),(908,6,95,0.92),(909,6,97,6.02),(910,6,6,1.8),(911,6,77,2.48),(912,6,46,2.5),(913,6,32,6.04),(914,6,3,3.78),(915,6,40,0.19),(916,6,44,6.3),(917,6,35,6.81),(918,6,31,2.94),(919,6,67,1.55),(920,6,19,0.16),(921,6,57,0.01),(922,6,5,2.42),(923,6,52,3.74),(924,6,33,3.94),(925,6,92,0.94),(926,6,11,4.07),(927,6,80,6.34),(928,6,38,3.43),(929,6,28,1.63),(930,6,12,0.1),(931,6,71,2.42),(932,6,84,1.64),(933,6,36,2.45),(934,6,66,1.2),(935,6,96,1.46),(936,6,81,0.79),(937,6,17,1.9),(938,6,43,0.64),(939,6,59,1.75),(940,6,30,0.54),(941,6,25,3.74),(942,6,93,5.06),(943,6,82,3.61),(944,6,47,4.19),(945,6,13,5.38),(946,6,1,3.53),(947,6,42,4.59),(948,6,37,0.46),(949,6,87,3.52),(950,6,16,0.61),(951,6,89,3.05),(952,6,29,3.46),(953,6,7,3.93),(954,6,100,3.27),(955,6,9,5.58),(956,6,74,1.13),(957,6,99,4.68),(958,6,94,5.32),(959,6,68,1.09),(960,6,75,1.3),(961,6,23,1.06),(962,6,64,0.39),(963,6,4,2.7),(964,6,15,1.63),(965,6,90,4.75),(966,6,98,4.97),(967,6,45,1.3),(968,6,61,6.78),(969,6,10,6.57),(970,6,48,2.65),(971,6,69,0.84),(972,6,26,5.09),(973,6,27,4.58),(974,6,83,1.15),(975,6,24,4.71),(976,6,78,3.33),(977,6,56,4.16),(978,6,76,1.81),(979,6,55,6.79),(980,6,21,1.04),(981,6,79,5.06),(982,6,34,1.03),(983,6,86,2.2),(984,6,18,3.54),(985,6,85,4.14),(986,6,20,1.28),(987,6,70,2.56),(988,6,54,0.02),(989,6,14,6.28),(990,6,91,1.78),(991,6,50,4.19),(992,6,2,1.41),(993,6,60,6.69),(994,6,62,5.89),(995,6,22,4.15),(996,6,88,1.64),(997,6,72,3.61),(998,6,65,3.55),(999,6,39,2.3),(1000,6,73,5.95),(1001,7,41,6.92),(1002,7,63,5.15),(1003,7,51,6.57),(1004,7,49,1.96),(1005,7,8,3.69),(1006,7,53,4.18),(1007,7,58,4.19),(1008,7,95,4.79),(1009,7,97,2.86),(1010,7,6,1.06),(1011,7,77,2.3),(1012,7,46,6.34),(1013,7,32,5.07),(1014,7,3,0.55),(1015,7,40,2.46),(1016,7,44,2.37),(1017,7,35,1.54),(1018,7,31,3.16),(1019,7,67,2.08),(1020,7,19,2.34),(1021,7,57,3.29),(1022,7,5,3.9),(1023,7,52,6.59),(1024,7,33,4.64),(1025,7,92,4.61),(1026,7,11,6),(1027,7,80,3.94),(1028,7,38,0.65),(1029,7,28,6.75),(1030,7,12,3.39),(1031,7,71,5.45),(1032,7,84,6.86),(1033,7,36,0.48),(1034,7,66,1),(1035,7,96,1.85),(1036,7,81,4.45),(1037,7,17,3.41),(1038,7,43,2.94),(1039,7,59,6.98),(1040,7,30,6.84),(1041,7,25,5.73),(1042,7,93,5.59),(1043,7,82,4.04),(1044,7,47,4.6),(1045,7,13,0.35),(1046,7,1,5.11),(1047,7,42,5.8),(1048,7,37,5.17),(1049,7,87,4.77),(1050,7,16,5.99),(1051,7,89,2),(1052,7,29,6.97),(1053,7,7,4.65),(1054,7,100,3.13),(1055,7,9,1.67),(1056,7,74,3.39),(1057,7,99,0.91),(1058,7,94,2.88),(1059,7,68,0.02),(1060,7,75,1.67),(1061,7,23,0.63),(1062,7,64,3.01),(1063,7,4,2.67),(1064,7,15,5.59),(1065,7,90,0.67),(1066,7,98,6.66),(1067,7,45,3.49),(1068,7,61,4.82),(1069,7,10,2.39),(1070,7,48,0.16),(1071,7,69,3.06),(1072,7,26,3.9),(1073,7,27,0.88),(1074,7,83,3.02),(1075,7,24,1.7),(1076,7,78,0.84),(1077,7,56,3.46),(1078,7,76,6.43),(1079,7,55,6.47),(1080,7,21,4.44),(1081,7,79,1.71),(1082,7,34,5),(1083,7,86,6.33),(1084,7,18,1.76),(1085,7,85,5.24),(1086,7,20,3.01),(1087,7,70,0.37),(1088,7,54,4.11),(1089,7,14,6.53),(1090,7,91,2.33),(1091,7,50,5.14),(1092,7,2,1.02),(1093,7,60,2.45),(1094,7,62,4.93),(1095,7,22,1.35),(1096,7,88,6.91),(1097,7,72,1.8),(1098,7,65,0.03),(1099,7,39,5.32),(1100,7,73,3.23),(1101,8,41,6.98),(1102,8,63,5.74),(1103,8,51,3.42),(1104,8,49,5.99),(1105,8,8,3.2),(1106,8,53,3.51),(1107,8,58,3.43),(1108,8,95,1.91),(1109,8,97,4.45),(1110,8,6,3.5),(1111,8,77,1.78),(1112,8,46,6.68),(1113,8,32,6.19),(1114,8,3,0.27),(1115,8,40,6.15),(1116,8,44,4.19),(1117,8,35,3.39),(1118,8,31,2.3),(1119,8,67,5.74),(1120,8,19,5.09),(1121,8,57,5.41),(1122,8,5,6.23),(1123,8,52,4.67),(1124,8,33,5.74),(1125,8,92,1.35),(1126,8,11,0.91),(1127,8,80,0.61),(1128,8,38,2.93),(1129,8,28,0.5),(1130,8,12,4.93),(1131,8,71,5.39),(1132,8,84,0.64),(1133,8,36,5.82),(1134,8,66,1.6),(1135,8,96,4.98),(1136,8,81,5.85),(1137,8,17,4.76),(1138,8,43,3.84),(1139,8,59,2.44),(1140,8,30,4.58),(1141,8,25,2.77),(1142,8,93,2.33),(1143,8,82,0.75),(1144,8,47,1.65),(1145,8,13,2.05),(1146,8,1,0.8),(1147,8,42,4.46),(1148,8,37,6.56),(1149,8,87,4.97),(1150,8,16,2.17),(1151,8,89,3.87),(1152,8,29,2.88),(1153,8,7,4.62),(1154,8,100,4.25),(1155,8,9,0.38),(1156,8,74,0.27),(1157,8,99,1.24),(1158,8,94,4.64),(1159,8,68,1.84),(1160,8,75,1.6),(1161,8,23,4.47),(1162,8,64,2.53),(1163,8,4,2.04),(1164,8,15,2.78),(1165,8,90,3.14),(1166,8,98,6.76),(1167,8,45,0.27),(1168,8,61,0.71),(1169,8,10,3.15),(1170,8,48,4.14),(1171,8,69,2.55),(1172,8,26,4.51),(1173,8,27,2.17),(1174,8,83,1.7),(1175,8,24,5.83),(1176,8,78,3.55),(1177,8,56,0.33),(1178,8,76,2.7),(1179,8,55,6.2),(1180,8,21,4.92),(1181,8,79,1.45),(1182,8,34,2.04),(1183,8,86,0.74),(1184,8,18,4.77),(1185,8,85,3.1),(1186,8,20,1.04),(1187,8,70,3.89),(1188,8,54,6.47),(1189,8,14,2.96),(1190,8,91,6.89),(1191,8,50,3.54),(1192,8,2,0.22),(1193,8,60,6.81),(1194,8,62,4.63),(1195,8,22,0.75),(1196,8,88,1.42),(1197,8,72,0.43),(1198,8,65,3.97),(1199,8,39,2.55),(1200,8,73,3.58),(1201,9,41,2.56),(1202,9,63,3.07),(1203,9,51,3.16),(1204,9,49,4.42),(1205,9,8,6.06),(1206,9,53,5.66),(1207,9,58,1.12),(1208,9,95,5.58),(1209,9,97,5.17),(1210,9,6,3.69),(1211,9,77,5.14),(1212,9,46,2.85),(1213,9,32,1.91),(1214,9,3,5.47),(1215,9,40,5.88),(1216,9,44,6.29),(1217,9,35,5.32),(1218,9,31,5.42),(1219,9,67,2.41),(1220,9,19,3.5),(1221,9,57,3.65),(1222,9,5,5.33),(1223,9,52,1.29),(1224,9,33,4.12),(1225,9,92,5.37),(1226,9,11,6.71),(1227,9,80,3.38),(1228,9,38,2.52),(1229,9,28,6.35),(1230,9,12,3.47),(1231,9,71,2.82),(1232,9,84,2.82),(1233,9,36,6.3),(1234,9,66,3.84),(1235,9,96,4.63),(1236,9,81,6.78),(1237,9,17,0.25),(1238,9,43,4.18),(1239,9,59,6.89),(1240,9,30,1.43),(1241,9,25,6.14),(1242,9,93,0.55),(1243,9,82,6.98),(1244,9,47,6.97),(1245,9,13,3.66),(1246,9,1,3.97),(1247,9,42,0.94),(1248,9,37,1.97),(1249,9,87,0.6),(1250,9,16,3.91),(1251,9,89,0.08),(1252,9,29,2.21),(1253,9,7,6.13),(1254,9,100,5.39),(1255,9,9,0.69),(1256,9,74,3.15),(1257,9,99,2.8),(1258,9,94,1.35),(1259,9,68,1.69),(1260,9,75,0.73),(1261,9,23,0.96),(1262,9,64,1.55),(1263,9,4,0.94),(1264,9,15,4.27),(1265,9,90,5.67),(1266,9,98,5.31),(1267,9,45,4.43),(1268,9,61,6.61),(1269,9,10,5.72),(1270,9,48,0.75),(1271,9,69,3.69),(1272,9,26,5.28),(1273,9,27,2.1),(1274,9,83,4.26),(1275,9,24,5.37),(1276,9,78,4.52),(1277,9,56,2.68),(1278,9,76,6.08),(1279,9,55,2.23),(1280,9,21,6.94),(1281,9,79,1.4),(1282,9,34,0.88),(1283,9,86,3.56),(1284,9,18,3.82),(1285,9,85,4.42),(1286,9,20,4.03),(1287,9,70,3.69),(1288,9,54,0.61),(1289,9,14,1.6),(1290,9,91,0.88),(1291,9,50,2.81),(1292,9,2,3.6),(1293,9,60,6.1),(1294,9,62,1.78),(1295,9,22,0.56),(1296,9,88,0.43),(1297,9,72,3.03),(1298,9,65,2.02),(1299,9,39,3.44),(1300,9,73,6.55),(1301,10,41,2.5),(1302,10,63,5.37),(1303,10,51,4.23),(1304,10,49,1.53),(1305,10,8,1.61),(1306,10,53,6.14),(1307,10,58,4.89),(1308,10,95,6.4),(1309,10,97,5.7),(1310,10,6,5.17),(1311,10,77,1.96),(1312,10,46,5.46),(1313,10,32,2.64),(1314,10,3,6.87),(1315,10,40,0.09),(1316,10,44,1.21),(1317,10,35,5.51),(1318,10,31,0.47),(1319,10,67,3.59),(1320,10,19,5.85),(1321,10,57,2.21),(1322,10,5,0.12),(1323,10,52,2.35),(1324,10,33,4.11),(1325,10,92,1.73),(1326,10,11,6.82),(1327,10,80,1.06),(1328,10,38,6.16),(1329,10,28,5.97),(1330,10,12,6.42),(1331,10,71,3.34),(1332,10,84,3.29),(1333,10,36,2.59),(1334,10,66,1.49),(1335,10,96,6.87),(1336,10,81,4.86),(1337,10,17,6.69),(1338,10,43,1.62),(1339,10,59,6.27),(1340,10,30,5.63),(1341,10,25,6.54),(1342,10,93,1.78),(1343,10,82,2.91),(1344,10,47,2.71),(1345,10,13,5.5),(1346,10,1,3.2),(1347,10,42,0.69),(1348,10,37,5.26),(1349,10,87,2.01),(1350,10,16,1.61),(1351,10,89,2.04),(1352,10,29,2.99),(1353,10,7,2.12),(1354,10,100,5.49),(1355,10,9,1.12),(1356,10,74,1.37),(1357,10,99,3.59),(1358,10,94,5.14),(1359,10,68,5.5),(1360,10,75,6.57),(1361,10,23,2.75),(1362,10,64,2.56),(1363,10,4,2.11),(1364,10,15,2.01),(1365,10,90,5.1),(1366,10,98,2.34),(1367,10,45,4.32),(1368,10,61,5.43),(1369,10,10,3.3),(1370,10,48,0.45),(1371,10,69,2.27),(1372,10,26,1.36),(1373,10,27,4.31),(1374,10,83,1.87),(1375,10,24,6.41),(1376,10,78,4.47),(1377,10,56,6.76),(1378,10,76,6.41),(1379,10,55,1.11),(1380,10,21,0.35),(1381,10,79,0.01),(1382,10,34,1.91),(1383,10,86,3.02),(1384,10,18,6.77),(1385,10,85,4.44),(1386,10,20,5.63),(1387,10,70,5.86),(1388,10,54,6.54),(1389,10,14,6.51),(1390,10,91,1.38),(1391,10,50,4.33),(1392,10,2,2.57),(1393,10,60,4.11),(1394,10,62,0.78),(1395,10,22,4.79),(1396,10,88,6.93),(1397,10,72,0.88),(1398,10,65,0.47),(1399,10,39,1),(1400,10,73,6.59),(1401,11,41,2.13),(1402,11,63,4.46),(1403,11,51,3.12),(1404,11,49,6.46),(1405,11,8,5.97),(1406,11,53,4.79),(1407,11,58,1.63),(1408,11,95,2.8),(1409,11,97,4.31),(1410,11,6,1.92),(1411,11,77,1.51),(1412,11,46,0.01),(1413,11,32,4.52),(1414,11,3,6.52),(1415,11,40,0.86),(1416,11,44,0.69),(1417,11,35,3.77),(1418,11,31,0.98),(1419,11,67,2.03),(1420,11,19,6.05),(1421,11,57,6.03),(1422,11,5,6.8),(1423,11,52,6.71),(1424,11,33,4.62),(1425,11,92,1.14),(1426,11,11,5.65),(1427,11,80,1.1),(1428,11,38,1.15),(1429,11,28,4.23),(1430,11,12,4.42),(1431,11,71,1.03),(1432,11,84,2.91),(1433,11,36,4.04),(1434,11,66,0.38),(1435,11,96,5.84),(1436,11,81,0.34),(1437,11,17,4.59),(1438,11,43,0.25),(1439,11,59,5.43),(1440,11,30,0.98),(1441,11,25,2.23),(1442,11,93,5.35),(1443,11,82,6.57),(1444,11,47,6.07),(1445,11,13,3.87),(1446,11,1,2.91),(1447,11,42,5.25),(1448,11,37,4.47),(1449,11,87,3.6),(1450,11,16,2.28),(1451,11,89,3.31),(1452,11,29,6.81),(1453,11,7,1.97),(1454,11,100,5.44),(1455,11,9,5.27),(1456,11,74,4.94),(1457,11,99,2.03),(1458,11,94,5.02),(1459,11,68,2.53),(1460,11,75,0.92),(1461,11,23,2.28),(1462,11,64,5.34),(1463,11,4,0.8),(1464,11,15,4.52),(1465,11,90,4.77),(1466,11,98,4.2),(1467,11,45,6.37),(1468,11,61,0.96),(1469,11,10,0.19),(1470,11,48,3),(1471,11,69,3.67),(1472,11,26,0.76),(1473,11,27,5.87),(1474,11,83,5.41),(1475,11,24,0.06),(1476,11,78,5.03),(1477,11,56,5.42),(1478,11,76,0.98),(1479,11,55,1.19),(1480,11,21,4.82),(1481,11,79,5.76),(1482,11,34,6.95),(1483,11,86,2.94),(1484,11,18,3.09),(1485,11,85,4.36),(1486,11,20,0.53),(1487,11,70,1.74),(1488,11,54,1.22),(1489,11,14,4.99),(1490,11,91,5.92),(1491,11,50,1.21),(1492,11,2,1.43),(1493,11,60,4.08),(1494,11,62,1.47),(1495,11,22,1.08),(1496,11,88,4.94),(1497,11,72,1.63),(1498,11,65,2.34),(1499,11,39,1.86),(1500,11,73,0.05),(1501,12,41,5.14),(1502,12,63,6.42),(1503,12,51,4.23),(1504,12,49,1.41),(1505,12,8,0.01),(1506,12,53,1.74),(1507,12,58,6.31),(1508,12,95,0.69),(1509,12,97,2.95),(1510,12,6,5.3),(1511,12,77,1.78),(1512,12,46,3.98),(1513,12,32,1.29),(1514,12,3,0.19),(1515,12,40,0.13),(1516,12,44,0.46),(1517,12,35,6.29),(1518,12,31,5.88),(1519,12,67,4.33),(1520,12,19,2.71),(1521,12,57,2.6),(1522,12,5,5.97),(1523,12,52,3.98),(1524,12,33,1.86),(1525,12,92,0.26),(1526,12,11,4.64),(1527,12,80,6.39),(1528,12,38,4.42),(1529,12,28,3.83),(1530,12,12,1.79),(1531,12,71,6.56),(1532,12,84,1.98),(1533,12,36,1.89),(1534,12,66,3.46),(1535,12,96,0.97),(1536,12,81,2.55),(1537,12,17,0.81),(1538,12,43,2.25),(1539,12,59,5.69),(1540,12,30,5.08),(1541,12,25,1.74),(1542,12,93,5.1),(1543,12,82,4.02),(1544,12,47,0.82),(1545,12,13,6.99),(1546,12,1,1.11),(1547,12,42,3.98),(1548,12,37,5.62),(1549,12,87,4.18),(1550,12,16,4.11),(1551,12,89,2.94),(1552,12,29,5.32),(1553,12,7,5.31),(1554,12,100,3.57),(1555,12,9,6.48),(1556,12,74,1.53),(1557,12,99,0.24),(1558,12,94,3.63),(1559,12,68,4.06),(1560,12,75,5.8),(1561,12,23,4.96),(1562,12,64,5.09),(1563,12,4,0.83),(1564,12,15,1.02),(1565,12,90,4.25),(1566,12,98,1.78),(1567,12,45,2),(1568,12,61,4.69),(1569,12,10,3.22),(1570,12,48,4.03),(1571,12,69,6.31),(1572,12,26,1.09),(1573,12,27,6.72),(1574,12,83,5.27),(1575,12,24,3.08),(1576,12,78,4.78),(1577,12,56,3.56),(1578,12,76,5.96),(1579,12,55,6.28),(1580,12,21,3.89),(1581,12,79,3.27),(1582,12,34,6.28),(1583,12,86,0.17),(1584,12,18,3.27),(1585,12,85,2.11),(1586,12,20,1.7),(1587,12,70,3.03),(1588,12,54,1.92),(1589,12,14,4.45),(1590,12,91,3.13),(1591,12,50,3.04),(1592,12,2,1.25),(1593,12,60,6.61),(1594,12,62,1.58),(1595,12,22,4.43),(1596,12,88,3.67),(1597,12,72,3.58),(1598,12,65,0.26),(1599,12,39,0.14),(1600,12,73,5.99),(1601,13,41,2.38),(1602,13,63,4.23),(1603,13,51,6.5),(1604,13,49,1.71),(1605,13,8,0.27),(1606,13,53,4.87),(1607,13,58,5.54),(1608,13,95,3.1),(1609,13,97,6.2),(1610,13,6,2.28),(1611,13,77,2.36),(1612,13,46,4.63),(1613,13,32,2.02),(1614,13,3,6.35),(1615,13,40,2.92),(1616,13,44,0.42),(1617,13,35,4.87),(1618,13,31,2.9),(1619,13,67,6.39),(1620,13,19,0.23),(1621,13,57,4.94),(1622,13,5,1.9),(1623,13,52,6.91),(1624,13,33,4.56),(1625,13,92,5.7),(1626,13,11,1.6),(1627,13,80,1.31),(1628,13,38,6.76),(1629,13,28,3.22),(1630,13,12,1.73),(1631,13,71,5.43),(1632,13,84,6.36),(1633,13,36,1.9),(1634,13,66,0.19),(1635,13,96,1.87),(1636,13,81,2.05),(1637,13,17,4.72),(1638,13,43,1.7),(1639,13,59,5.48),(1640,13,30,0.26),(1641,13,25,0.44),(1642,13,93,6.29),(1643,13,82,3.12),(1644,13,47,6.07),(1645,13,13,6.14),(1646,13,1,4.52),(1647,13,42,1.25),(1648,13,37,5.97),(1649,13,87,1.61),(1650,13,16,2.05),(1651,13,89,6.15),(1652,13,29,6.88),(1653,13,7,3.96),(1654,13,100,1.04),(1655,13,9,1.84),(1656,13,74,5.17),(1657,13,99,5.84),(1658,13,94,4.61),(1659,13,68,0.61),(1660,13,75,5.03),(1661,13,23,6.03),(1662,13,64,4.17),(1663,13,4,0),(1664,13,15,5.77),(1665,13,90,6.07),(1666,13,98,4.8),(1667,13,45,1.53),(1668,13,61,3.77),(1669,13,10,2.64),(1670,13,48,0.24),(1671,13,69,1.36),(1672,13,26,0.88),(1673,13,27,2.33),(1674,13,83,6.66),(1675,13,24,0.22),(1676,13,78,6.78),(1677,13,56,3.51),(1678,13,76,2.3),(1679,13,55,0.45),(1680,13,21,6.17),(1681,13,79,3.07),(1682,13,34,4.9),(1683,13,86,0.77),(1684,13,18,6.11),(1685,13,85,1.12),(1686,13,20,1.05),(1687,13,70,4.52),(1688,13,54,3.58),(1689,13,14,5.15),(1690,13,91,3.19),(1691,13,50,2.94),(1692,13,2,4.63),(1693,13,60,3.38),(1694,13,62,6.31),(1695,13,22,4.47),(1696,13,88,6.85),(1697,13,72,4),(1698,13,65,1.08),(1699,13,39,5.68),(1700,13,73,0.03),(1701,14,41,0.68),(1702,14,63,2.59),(1703,14,51,3.51),(1704,14,49,1.77),(1705,14,8,0.19),(1706,14,53,0.98),(1707,14,58,4.88),(1708,14,95,3.71),(1709,14,97,1.95),(1710,14,6,1.37),(1711,14,77,5),(1712,14,46,4.15),(1713,14,32,1.5),(1714,14,3,6.05),(1715,14,40,5.53),(1716,14,44,2.95),(1717,14,35,4.82),(1718,14,31,1.9),(1719,14,67,4.89),(1720,14,19,6.89),(1721,14,57,2.91),(1722,14,5,3.77),(1723,14,52,1.51),(1724,14,33,4.36),(1725,14,92,4.78),(1726,14,11,5.88),(1727,14,80,3.47),(1728,14,38,5.38),(1729,14,28,0.78),(1730,14,12,5.74),(1731,14,71,6.77),(1732,14,84,1.71),(1733,14,36,2.65),(1734,14,66,2.25),(1735,14,96,5.5),(1736,14,81,3.82),(1737,14,17,4.84),(1738,14,43,2.27),(1739,14,59,0.44),(1740,14,30,4.95),(1741,14,25,4.48),(1742,14,93,4.22),(1743,14,82,2.93),(1744,14,47,3.06),(1745,14,13,0.31),(1746,14,1,1.11),(1747,14,42,4.24),(1748,14,37,1.07),(1749,14,87,5.31),(1750,14,16,0.28),(1751,14,89,6.83),(1752,14,29,0.66),(1753,14,7,6.96),(1754,14,100,1.58),(1755,14,9,4.78),(1756,14,74,2.81),(1757,14,99,5.63),(1758,14,94,3.2),(1759,14,68,0.02),(1760,14,75,1.22),(1761,14,23,2.21),(1762,14,64,6.91),(1763,14,4,3.2),(1764,14,15,6.92),(1765,14,90,2.28),(1766,14,98,1.31),(1767,14,45,0.51),(1768,14,61,2.87),(1769,14,10,4.42),(1770,14,48,1.46),(1771,14,69,0.75),(1772,14,26,3.63),(1773,14,27,0.03),(1774,14,83,4.06),(1775,14,24,6.65),(1776,14,78,4.81),(1777,14,56,4.35),(1778,14,76,3.74),(1779,14,55,5.9),(1780,14,21,0.15),(1781,14,79,3.38),(1782,14,34,0.01),(1783,14,86,5.91),(1784,14,18,1.92),(1785,14,85,6.43),(1786,14,20,2.98),(1787,14,70,3.35),(1788,14,54,0.12),(1789,14,14,4.09),(1790,14,91,2.29),(1791,14,50,3.02),(1792,14,2,2.17),(1793,14,60,3.79),(1794,14,62,3.48),(1795,14,22,3.1),(1796,14,88,5.54),(1797,14,72,4.09),(1798,14,65,5.25),(1799,14,39,4.82),(1800,14,73,0.83),(1801,15,41,4.86),(1802,15,63,1.37),(1803,15,51,4.64),(1804,15,49,6.44),(1805,15,8,1.18),(1806,15,53,5.11),(1807,15,58,5.84),(1808,15,95,0.8),(1809,15,97,4.47),(1810,15,6,6.83),(1811,15,77,4.99),(1812,15,46,6.52),(1813,15,32,1.07),(1814,15,3,4.3),(1815,15,40,6.76),(1816,15,44,3.94),(1817,15,35,0.64),(1818,15,31,3.19),(1819,15,67,1.9),(1820,15,19,0.19),(1821,15,57,6.03),(1822,15,5,0.71),(1823,15,52,6.72),(1824,15,33,5.74),(1825,15,92,1.76),(1826,15,11,4.73),(1827,15,80,6.21),(1828,15,38,6.63),(1829,15,28,0.79),(1830,15,12,4.72),(1831,15,71,4.43),(1832,15,84,5.32),(1833,15,36,5.42),(1834,15,66,6.07),(1835,15,96,4.76),(1836,15,81,5.63),(1837,15,17,4.33),(1838,15,43,0.02),(1839,15,59,3.23),(1840,15,30,4.22),(1841,15,25,3.64),(1842,15,93,0.88),(1843,15,82,4.7),(1844,15,47,0.68),(1845,15,13,4.71),(1846,15,1,3.54),(1847,15,42,6.81),(1848,15,37,1.43),(1849,15,87,2.47),(1850,15,16,2.64),(1851,15,89,2.02),(1852,15,29,5.24),(1853,15,7,1.07),(1854,15,100,5.66),(1855,15,9,5.42),(1856,15,74,2.17),(1857,15,99,6.91),(1858,15,94,4.57),(1859,15,68,2.19),(1860,15,75,0.01),(1861,15,23,5.73),(1862,15,64,1.36),(1863,15,4,5.27),(1864,15,15,1.02),(1865,15,90,0.71),(1866,15,98,4.73),(1867,15,45,4.29),(1868,15,61,2.24),(1869,15,10,6.42),(1870,15,48,2.89),(1871,15,69,2.31),(1872,15,26,6.96),(1873,15,27,2.48),(1874,15,83,0.15),(1875,15,24,3.24),(1876,15,78,3.96),(1877,15,56,5.23),(1878,15,76,5.74),(1879,15,55,2.35),(1880,15,21,0.05),(1881,15,79,2.41),(1882,15,34,5.14),(1883,15,86,3.29),(1884,15,18,2.89),(1885,15,85,3.3),(1886,15,20,2.69),(1887,15,70,2.72),(1888,15,54,1.24),(1889,15,14,0.36),(1890,15,91,6.28),(1891,15,50,5.55),(1892,15,2,3.65),(1893,15,60,2.35),(1894,15,62,1.84),(1895,15,22,6.96),(1896,15,88,6.62),(1897,15,72,6.37),(1898,15,65,5.88),(1899,15,39,1.79),(1900,15,73,2.93),(1901,16,41,6.72),(1902,16,63,0.23),(1903,16,51,2.22),(1904,16,49,0.21),(1905,16,8,4.6),(1906,16,53,4.28),(1907,16,58,6.55),(1908,16,95,1.37),(1909,16,97,1.83),(1910,16,6,3.17),(1911,16,77,2.4),(1912,16,46,4.67),(1913,16,32,0.46),(1914,16,3,0.52),(1915,16,40,2.87),(1916,16,44,6.09),(1917,16,35,4),(1918,16,31,4.24),(1919,16,67,4.45),(1920,16,19,4.54),(1921,16,57,2.06),(1922,16,5,0.34),(1923,16,52,2.39),(1924,16,33,0.82),(1925,16,92,4.64),(1926,16,11,6.34),(1927,16,80,5.99),(1928,16,38,0.33),(1929,16,28,6.89),(1930,16,12,4.77),(1931,16,71,6.66),(1932,16,84,6.16),(1933,16,36,5.02),(1934,16,66,4.53),(1935,16,96,2.93),(1936,16,81,2.65),(1937,16,17,5.01),(1938,16,43,5.57),(1939,16,59,5.39),(1940,16,30,1.14),(1941,16,25,1.34),(1942,16,93,4.32),(1943,16,82,2.83),(1944,16,47,0.15),(1945,16,13,2.15),(1946,16,1,2.27),(1947,16,42,4.79),(1948,16,37,2.99),(1949,16,87,4.01),(1950,16,16,4.14),(1951,16,89,5.9),(1952,16,29,4.73),(1953,16,7,0.43),(1954,16,100,0.92),(1955,16,9,1.67),(1956,16,74,2.86),(1957,16,99,2.98),(1958,16,94,1.99),(1959,16,68,6.64),(1960,16,75,0.49),(1961,16,23,2.82),(1962,16,64,6.3),(1963,16,4,2.82),(1964,16,15,4.32),(1965,16,90,1.09),(1966,16,98,5.03),(1967,16,45,0.6),(1968,16,61,1.94),(1969,16,10,2.15),(1970,16,48,2.21),(1971,16,69,3.63),(1972,16,26,2.91),(1973,16,27,0.73),(1974,16,83,2),(1975,16,24,2.37),(1976,16,78,1.53),(1977,16,56,4.39),(1978,16,76,3.96),(1979,16,55,6.94),(1980,16,21,6.96),(1981,16,79,6.39),(1982,16,34,3.03),(1983,16,86,2.28),(1984,16,18,6.34),(1985,16,85,3.62),(1986,16,20,3.13),(1987,16,70,6.44),(1988,16,54,4.92),(1989,16,14,5.7),(1990,16,91,3.9),(1991,16,50,6.64),(1992,16,2,1.32),(1993,16,60,3.2),(1994,16,62,5.47),(1995,16,22,4.79),(1996,16,88,0.98),(1997,16,72,4.24),(1998,16,65,1.52),(1999,16,39,0.99),(2000,16,73,5.75);
/*!40000 ALTER TABLE `nota` ENABLE KEYS */;
UNLOCK TABLES;

--
-- Table structure for table `profesor`
--

DROP TABLE IF EXISTS `profesor`;
/*!40101 SET @saved_cs_client     = @@character_set_client */;
/*!40101 SET character_set_client = utf8 */;
CREATE TABLE `profesor` (
  `id` int(11) NOT NULL AUTO_INCREMENT,
  `nombre` varchar(145) NOT NULL,
  PRIMARY KEY (`id`)
) ENGINE=InnoDB AUTO_INCREMENT=5 DEFAULT CHARSET=utf8;
/*!40101 SET character_set_client = @saved_cs_client */;

--
-- Dumping data for table `profesor`
--

LOCK TABLES `profesor` WRITE;
/*!40000 ALTER TABLE `profesor` DISABLE KEYS */;
INSERT INTO `profesor` VALUES (1,'Joaquin Morales'),(2,'Ernesto Casas'),(3,'Maria Eugenia Ramirez'),(4,'Carlos Ricardo mercado');
/*!40000 ALTER TABLE `profesor` ENABLE KEYS */;
UNLOCK TABLES;

--
-- Table structure for table `prueba`
--

DROP TABLE IF EXISTS `prueba`;
/*!40101 SET @saved_cs_client     = @@character_set_client */;
/*!40101 SET character_set_client = utf8 */;
CREATE TABLE `prueba` (
  `id` int(11) NOT NULL AUTO_INCREMENT,
  `nombre` varchar(145) NOT NULL,
  `curso_id` int(11) NOT NULL,
  PRIMARY KEY (`id`),
  KEY `fk_prueba_curso1_idx` (`curso_id`),
  CONSTRAINT `fk_prueba_curso1` FOREIGN KEY (`curso_id`) REFERENCES `curso` (`id`) ON DELETE NO ACTION ON UPDATE NO ACTION
) ENGINE=InnoDB AUTO_INCREMENT=17 DEFAULT CHARSET=utf8;
/*!40101 SET character_set_client = @saved_cs_client */;

--
-- Dumping data for table `prueba`
--

LOCK TABLES `prueba` WRITE;
/*!40000 ALTER TABLE `prueba` DISABLE KEYS */;
INSERT INTO `prueba` VALUES (1,'Prueba 1',1),(2,'Prueba 2',1),(3,'Prueba 3',1),(4,'Prueba 4',1),(5,'Prueba 1',2),(6,'Prueba 2',2),(7,'Prueba 3',2),(8,'Prueba 4',2),(9,'Prueba 1',3),(10,'Prueba 2',3),(11,'Prubea 3',3),(12,'Prueba 4',3),(13,'Prueba 1',4),(14,'Prueba 2',4),(15,'Prubea 3',4),(16,'Prueba 4',4);
/*!40000 ALTER TABLE `prueba` ENABLE KEYS */;
UNLOCK TABLES;
/*!40103 SET TIME_ZONE=@OLD_TIME_ZONE */;

/*!40101 SET SQL_MODE=@OLD_SQL_MODE */;
/*!40014 SET FOREIGN_KEY_CHECKS=@OLD_FOREIGN_KEY_CHECKS */;
/*!40014 SET UNIQUE_CHECKS=@OLD_UNIQUE_CHECKS */;
/*!40101 SET CHARACTER_SET_CLIENT=@OLD_CHARACTER_SET_CLIENT */;
/*!40101 SET CHARACTER_SET_RESULTS=@OLD_CHARACTER_SET_RESULTS */;
/*!40101 SET COLLATION_CONNECTION=@OLD_COLLATION_CONNECTION */;
/*!40111 SET SQL_NOTES=@OLD_SQL_NOTES */;

-- Dump completed on 2017-03-02  9:35:01
